{
  "name": "Shady Dealer Theme",
  "sort": 150000,
  "flags": {
    "exportSource": {
      "world": "olakino",
      "system": "dnd5e",
      "coreVersion": "0.6.1",
      "systemVersion": 0.92
    }
  },
  "results": [
    {
      "_id": "5hEcHK6RtHLQvy23",
      "flags": {},
      "type": 2,
      "text": "Acid (vial)",
      "img": "systems/dnd5e/icons/items/potions/grand-green.jpg",
      "collection": "dnd5e.items",
      "resultId": "Sx5E6utixHdAbGNb",
      "weight": 1,
      "range": [
        1,
        1
      ],
      "drawn": false
    },
    {
      "_id": "fB5EG3TI3YAHtJ8h",
      "flags": {},
      "type": 2,
      "text": "Antitoxin",
      "img": "systems/dnd5e/icons/items/potions/grand-violet.jpg",
      "collection": "dnd5e.items",
      "resultId": "Fc6UfFNOnW80XMzi",
      "weight": 1,
      "range": [
        2,
        2
      ],
      "drawn": false
    },
    {
      "_id": "SIS31Cj0ZwP7Otln",
      "flags": {},
      "type": 2,
      "text": "Caltrops",
      "img": "systems/dnd5e/icons/items/inventory/caltrop.jpg",
      "collection": "dnd5e.items",
      "resultId": "8tvhh5wqG5FRh3Sf",
      "weight": 1,
      "range": [
        3,
        3
      ],
      "drawn": false
    },
    {
      "_id": "MY0Mhrkc70wFH1bD",
      "flags": {},
      "type": 2,
      "text": "Costume Clothes",
      "img": "systems/dnd5e/icons/items/equipment/cloak-pink.jpg",
      "collection": "dnd5e.items",
      "resultId": "E2h6sEe6FU2tnU96",
      "weight": 1,
      "range": [
        4,
        4
      ],
      "drawn": false
    },
    {
      "_id": "QBJPeLtUGa9DOn9S",
      "flags": {},
      "type": 2,
      "text": "Manacles",
      "img": "systems/dnd5e/icons/items/weapons/whip.png",
      "collection": "dnd5e.items",
      "resultId": "tWJLHIL6ZIZUez9k",
      "weight": 1,
      "range": [
        5,
        5
      ],
      "drawn": false
    },
    {
      "_id": "nc5L6u6b9MgSv5bY",
      "flags": {},
      "type": 2,
      "text": "Oil Flask",
      "img": "systems/dnd5e/icons/items/inventory/bottle-empty.jpg",
      "collection": "dnd5e.items",
      "resultId": "psoZaItkOScMVaHL",
      "weight": 1,
      "range": [
        6,
        6
      ],
      "drawn": false
    },
    {
      "_id": "hguHZ35ihCrGpdhH",
      "flags": {},
      "type": 2,
      "text": "Portable Ram",
      "img": "systems/dnd5e/icons/items/inventory/bamboo.jpg",
      "collection": "dnd5e.items",
      "resultId": "srTRzwTfWKO5opOo",
      "weight": 1,
      "range": [
        7,
        7
      ],
      "drawn": false
    },
    {
      "_id": "4IK2niTBtNFF48ih",
      "flags": {},
      "type": 2,
      "text": "Iron Spike",
      "img": "systems/dnd5e/icons/items/inventory/stake.jpg",
      "collection": "dnd5e.items",
      "resultId": "RiOeHR2qaYktz5Ys",
      "weight": 1,
      "range": [
        8,
        8
      ],
      "drawn": false
    },
    {
      "_id": "o8MVYFmnaMNXXgOP",
      "flags": {},
      "type": 2,
      "text": "Basic Poison",
      "img": "systems/dnd5e/icons/items/potions/unique-7.jpg",
      "collection": "dnd5e.items",
      "resultId": "eVbPkYjpl29RE2uW",
      "weight": 1,
      "range": [
        9,
        9
      ],
      "drawn": false
    },
    {
      "_id": "CUWCPg7qvZT0A9s9",
      "flags": {},
      "type": 2,
      "text": "Disguise Kit",
      "img": "systems/dnd5e/icons/items/equipment/cowl.jpg",
      "collection": "dnd5e.items",
      "resultId": "IBhDAr7WkhWPYLVn",
      "weight": 1,
      "range": [
        10,
        10
      ],
      "drawn": false
    },
    {
      "_id": "1LOyiP2gxkLeCWXJ",
      "flags": {},
      "type": 2,
      "text": "Forgery Kit",
      "img": "systems/dnd5e/icons/items/inventory/note-letter.jpg",
      "collection": "dnd5e.items",
      "resultId": "cG3m4YlHfbQlLEOx",
      "weight": 1,
      "range": [
        11,
        11
      ],
      "drawn": false
    },
    {
      "_id": "UQ3SlTjjwEEIbJ80",
      "flags": {},
      "type": 2,
      "text": "Gaming Set",
      "img": "systems/dnd5e/icons/items/inventory/dice.jpg",
      "collection": "dnd5e.items",
      "resultId": "7u31f86h5vm5WOWM",
      "weight": 1,
      "range": [
        12,
        12
      ],
      "drawn": false
    },
    {
      "_id": "YVQ29eYd82dxLo9w",
      "flags": {},
      "type": 2,
      "text": "Gaming Set of Dice",
      "img": "systems/dnd5e/icons/items/inventory/dice.jpg",
      "collection": "dnd5e.items",
      "resultId": "iBuTM09KD9IoM5L8",
      "weight": 1,
      "range": [
        13,
        13
      ],
      "drawn": false
    },
    {
      "_id": "LB2akj9nykWxRPSv",
      "flags": {},
      "type": 2,
      "text": "Gaming Set of Playing Cards",
      "img": "systems/dnd5e/icons/items/inventory/bills.jpg",
      "collection": "dnd5e.items",
      "resultId": "YwlHI3BVJapz4a3E",
      "weight": 1,
      "range": [
        14,
        14
      ],
      "drawn": false
    },
    {
      "_id": "hH68JTbcgM4CS2n0",
      "flags": {},
      "type": 2,
      "text": "Poisoner’s Kit",
      "img": "systems/dnd5e/icons/items/inventory/herb-satchel.jpg",
      "collection": "dnd5e.items",
      "resultId": "il2GNi8C0DvGLL9P",
      "weight": 1,
      "range": [
        15,
        15
      ],
      "drawn": false
    }
  ],
  "replacement": false,
  "displayRoll": false,
  "_id": "ggKPkcRilGCTgROP",
  "description": "Theme for General Store or Adventuring Supplies",
  "formula": "1d15"
}