{
  "name": "Arcane Shop",
  "sort": 400000,
  "flags": {
    "exportSource": {
      "world": "olakino",
      "system": "dnd5e",
      "coreVersion": "0.6.1",
      "systemVersion": 0.92
    }
  },
  "results": [
    {
      "_id": "lzPUeg9Hib2I0QZY",
      "flags": {},
      "type": 2,
      "text": "Quarterstaff",
      "img": "systems/dnd5e/icons/items/weapons/quarterstaff.jpg",
      "collection": "dnd5e.items",
      "resultId": "g2dWN7PQiMRYWzyk",
      "weight": 1,
      "range": [
        1,
        1
      ],
      "drawn": false
    },
    {
      "_id": "69hasVqVc8o6Jvzh",
      "flags": {},
      "type": 2,
      "text": "Abacus",
      "img": "systems/dnd5e/icons/items/inventory/trinket-loop.jpg",
      "collection": "dnd5e.items",
      "resultId": "ea4xclqsksEQB1QF",
      "weight": 1,
      "range": [
        2,
        2
      ],
      "drawn": false
    },
    {
      "_id": "Ox2fc1cNjYk9Ejhv",
      "flags": {},
      "type": 2,
      "text": "Crystal",
      "img": "systems/dnd5e/icons/items/weapons/crystal.png",
      "collection": "dnd5e.items",
      "resultId": "uXOT4fYbgPY8DGdd",
      "weight": 1,
      "range": [
        3,
        3
      ],
      "drawn": false
    },
    {
      "_id": "iRhzGmVpjMuLRPrF",
      "flags": {},
      "type": 2,
      "text": "Orb",
      "img": "systems/dnd5e/icons/items/inventory/pearl.jpg",
      "collection": "dnd5e.items",
      "resultId": "tH5Rn0JVRG1zdmPa",
      "weight": 1,
      "range": [
        4,
        4
      ],
      "drawn": false
    },
    {
      "_id": "qFvKvLLkdp2LT0mv",
      "flags": {},
      "type": 2,
      "text": "Rod",
      "img": "systems/dnd5e/icons/items/weapons/rod.jpg",
      "collection": "dnd5e.items",
      "resultId": "OojyyGfh91iViuMF",
      "weight": 1,
      "range": [
        5,
        5
      ],
      "drawn": false
    },
    {
      "_id": "UFANUWIVdiBI3nsP",
      "flags": {},
      "type": 2,
      "text": "Staff",
      "img": "systems/dnd5e/icons/items/weapons/staff-blue.jpg",
      "collection": "dnd5e.items",
      "resultId": "BeKIrNIvNHRPQ4t5",
      "weight": 1,
      "range": [
        6,
        6
      ],
      "drawn": false
    },
    {
      "_id": "fphM4R61Klzt74TA",
      "flags": {},
      "type": 2,
      "text": "Wand",
      "img": "systems/dnd5e/icons/items/weapons/staff-green.jpg",
      "collection": "dnd5e.items",
      "resultId": "KA2P6I48iOWlnboO",
      "weight": 1,
      "range": [
        7,
        7
      ],
      "drawn": false
    },
    {
      "_id": "ZnWXRJzcC2ck7E95",
      "flags": {},
      "type": 2,
      "text": "Glass Bottle",
      "img": "systems/dnd5e/icons/items/inventory/bottle-empty.jpg",
      "collection": "dnd5e.items",
      "resultId": "HZp69hhyNZUUCipF",
      "weight": 1,
      "range": [
        8,
        8
      ],
      "drawn": false
    },
    {
      "_id": "FoP2xxUCPI41lHqa",
      "flags": {},
      "type": 2,
      "text": "Candle",
      "img": "systems/dnd5e/icons/items/inventory/candle.jpg",
      "collection": "dnd5e.items",
      "resultId": "0NoBBP3MMkvJlwZY",
      "weight": 1,
      "range": [
        9,
        9
      ],
      "drawn": false
    },
    {
      "_id": "akppTIXWEgngDZiT",
      "flags": {},
      "type": 2,
      "text": "Map or Scroll Case",
      "img": "systems/dnd5e/icons/items/inventory/briefcase.jpg",
      "collection": "dnd5e.items",
      "resultId": "5mIeX824uMklU3xq",
      "weight": 1,
      "range": [
        10,
        10
      ],
      "drawn": false
    },
    {
      "_id": "AO1XFD64qvRfYqGq",
      "flags": {},
      "type": 2,
      "text": "Component Pouch",
      "img": "systems/dnd5e/icons/items/inventory/satchel-leather.jpg",
      "collection": "dnd5e.items",
      "resultId": "eZGmdOhaTWMicXPW",
      "weight": 1,
      "range": [
        11,
        11
      ],
      "drawn": false
    },
    {
      "_id": "y8p18rSgT82ozl4L",
      "flags": {},
      "type": 2,
      "text": "Sprig of Mistletoe",
      "img": "systems/dnd5e/icons/items/inventory/plant-leaf.jpg",
      "collection": "dnd5e.items",
      "resultId": "xDK9GQd2iqOGH8Sd",
      "weight": 1,
      "range": [
        12,
        12
      ],
      "drawn": false
    },
    {
      "_id": "KAj3czhkqyTlbG8T",
      "flags": {},
      "type": 2,
      "text": "Totem",
      "img": "systems/dnd5e/icons/items/jewelry/necklace-teeth.jpg",
      "collection": "dnd5e.items",
      "resultId": "PGL6aaM0wE5h0VN5",
      "weight": 1,
      "range": [
        13,
        13
      ],
      "drawn": false
    },
    {
      "_id": "uQ2jK62rd96cup7Y",
      "flags": {},
      "type": 2,
      "text": "Wooden Staff",
      "img": "systems/dnd5e/icons/items/weapons/staff-vine.jpg",
      "collection": "dnd5e.items",
      "resultId": "FF1ktpb2YSiyv896",
      "weight": 1,
      "range": [
        14,
        14
      ],
      "drawn": false
    },
    {
      "_id": "S2UWxlxSx6tWQzX1",
      "flags": {},
      "type": 2,
      "text": "Yew Wand",
      "img": "systems/dnd5e/icons/items/weapons/staff.png",
      "collection": "dnd5e.items",
      "resultId": "t5yP0d7YaKwuKKiH",
      "weight": 1,
      "range": [
        15,
        15
      ],
      "drawn": false
    },
    {
      "_id": "gk5p8dpf74EZKpdq",
      "flags": {},
      "type": 2,
      "text": "Hourglass",
      "img": "systems/dnd5e/icons/items/inventory/stopwatch.jpg",
      "collection": "dnd5e.items",
      "resultId": "G7LqGzKR5ts0WlJ9",
      "weight": 1,
      "range": [
        16,
        16
      ],
      "drawn": false
    },
    {
      "_id": "Zb7YDqq1ucnbqDzk",
      "flags": {},
      "type": 2,
      "text": "Ink Bottle",
      "img": "systems/dnd5e/icons/items/inventory/bottle-empty.jpg",
      "collection": "dnd5e.items",
      "resultId": "dP7jMKyHTTgVb3ii",
      "weight": 1,
      "range": [
        17,
        17
      ],
      "drawn": false
    },
    {
      "_id": "pzI7ZQdxtDwSdJ8N",
      "flags": {},
      "type": 2,
      "text": "Ink Pen",
      "img": "systems/dnd5e/icons/items/inventory/feather-red.jpg",
      "collection": "dnd5e.items",
      "resultId": "uVm7MiB71QblfnoY",
      "weight": 1,
      "range": [
        18,
        18
      ],
      "drawn": false
    },
    {
      "_id": "J2v24MLL7an8Ip35",
      "flags": {},
      "type": 2,
      "text": "Paper",
      "img": "systems/dnd5e/icons/items/inventory/paper.jpg",
      "collection": "dnd5e.items",
      "resultId": "fNMkFCOvMiW2Rh3t",
      "weight": 1,
      "range": [
        19,
        19
      ],
      "drawn": false
    },
    {
      "_id": "o7WulT6LO1kb8aOZ",
      "flags": {},
      "type": 2,
      "text": "Parchment",
      "img": "systems/dnd5e/icons/items/inventory/parchment.jpg",
      "collection": "dnd5e.items",
      "resultId": "WFQS2vT8ddrFjTJg",
      "weight": 1,
      "range": [
        20,
        20
      ],
      "drawn": false
    },
    {
      "_id": "6dqgfZuJFJEdstk2",
      "flags": {},
      "type": 2,
      "text": "Pouch",
      "img": "systems/dnd5e/icons/items/inventory/pouch.jpg",
      "collection": "dnd5e.items",
      "resultId": "9bWTRRDym06PzSAf",
      "weight": 1,
      "range": [
        21,
        21
      ],
      "drawn": false
    },
    {
      "_id": "AdEV9K6r45VCevit",
      "flags": {},
      "type": 2,
      "text": "Robes",
      "img": "systems/dnd5e/icons/items/armor/robe.jpg",
      "collection": "dnd5e.items",
      "resultId": "8GCEodUsTEEpBlO6",
      "weight": 1,
      "range": [
        22,
        22
      ],
      "drawn": false
    },
    {
      "_id": "N54HDUHr32DHkq2l",
      "flags": {},
      "type": 2,
      "text": "Spellbook",
      "img": "systems/dnd5e/icons/items/inventory/book-purple.jpg",
      "collection": "dnd5e.items",
      "resultId": "LBajgahniRJbAgDr",
      "weight": 1,
      "range": [
        23,
        23
      ],
      "drawn": false
    },
    {
      "_id": "yZNpKi8IzbZC2GKh",
      "flags": {},
      "type": 2,
      "text": "Vial",
      "img": "systems/dnd5e/icons/items/inventory/bottle-empty.jpg",
      "collection": "dnd5e.items",
      "resultId": "meJEfX3gZgtMX4x2",
      "weight": 1,
      "range": [
        24,
        24
      ],
      "drawn": false
    },
    {
      "_id": "05lVctxqms3rzjf8",
      "flags": {},
      "type": 2,
      "text": "Alchemist's supplies",
      "img": "systems/dnd5e/icons/items/inventory/herbalism-kit.jpg",
      "collection": "dnd5e.items",
      "resultId": "SztwZhbhZeCqyAes",
      "weight": 1,
      "range": [
        25,
        25
      ],
      "drawn": false
    },
    {
      "_id": "X2T8KslY0DZjjXMN",
      "flags": {},
      "type": 2,
      "text": "Calligrapher's Supplies",
      "img": "systems/dnd5e/icons/items/inventory/note-letter.jpg",
      "collection": "dnd5e.items",
      "resultId": "jhjo20QoiD5exf09",
      "weight": 1,
      "range": [
        26,
        26
      ],
      "drawn": false
    },
    {
      "_id": "Pdi3spAnxCXBVMou",
      "flags": {},
      "type": 2,
      "text": "Musical Instrument: Lyre",
      "img": "systems/dnd5e/icons/items/inventory/lute.jpg",
      "collection": "dnd5e.items",
      "resultId": "EwG1EtmbgR3bM68U",
      "weight": 1,
      "range": [
        27,
        27
      ],
      "drawn": false
    },
    {
      "_id": "541s5T8cgv6GIRKX",
      "flags": {},
      "type": 2,
      "text": "Musical Instrument: Lute",
      "img": "systems/dnd5e/icons/items/inventory/lute.jpg",
      "collection": "dnd5e.items",
      "resultId": "qBydtUUIkv520DT7",
      "weight": 1,
      "range": [
        28,
        28
      ],
      "drawn": false
    },
    {
      "_id": "R5KBhZq5Xks6eheh",
      "flags": {},
      "type": 2,
      "text": "Spell Scroll Cantrip Level",
      "img": "systems/dnd5e/icons/items/inventory/note-scroll.jpg",
      "collection": "dnd5e.items",
      "resultId": "rQ6sO7HDWzqMhSI3",
      "weight": 1,
      "range": [
        29,
        29
      ],
      "drawn": false
    },
    {
      "_id": "2YmYV13bhCRlDxbp",
      "flags": {},
      "type": 2,
      "text": "Spell Scroll 1st Level",
      "img": "systems/dnd5e/icons/items/inventory/note-scroll.jpg",
      "collection": "dnd5e.items",
      "resultId": "9GSfMg0VOA2b4uFN",
      "weight": 1,
      "range": [
        30,
        30
      ],
      "drawn": false
    },
    {
      "_id": "nCqmKeXWbDUtAasW",
      "flags": {},
      "type": 2,
      "text": "Spell Scroll 2nd Level",
      "img": "systems/dnd5e/icons/items/inventory/scroll-druid.jpg",
      "collection": "dnd5e.items",
      "resultId": "XdDp6CKh9qEvPTuS",
      "weight": 1,
      "range": [
        31,
        31
      ],
      "drawn": false
    },
    {
      "_id": "hZnqBWa1hrBxldq1",
      "flags": {},
      "type": 2,
      "text": "Spell Scroll 3rd Level",
      "img": "systems/dnd5e/icons/items/inventory/scroll-druid.jpg",
      "collection": "dnd5e.items",
      "resultId": "hqVKZie7x9w3Kqds",
      "weight": 1,
      "range": [
        32,
        32
      ],
      "drawn": false
    },
    {
      "_id": "fCnYFSeQFTYWlVoh",
      "flags": {},
      "type": 2,
      "text": "Spell Scroll 4th Level",
      "img": "systems/dnd5e/icons/items/inventory/scroll-cursed.jpg",
      "collection": "dnd5e.items",
      "resultId": "DM7hzgL836ZyUFB1",
      "weight": 1,
      "range": [
        33,
        33
      ],
      "drawn": false
    },
    {
      "_id": "SJmbU7C3dyG4MwCp",
      "flags": {},
      "type": 2,
      "text": "Spell Scroll 5th Level",
      "img": "systems/dnd5e/icons/items/inventory/scroll-cursed.jpg",
      "collection": "dnd5e.items",
      "resultId": "wa1VF8TXHmkrrR35",
      "weight": 1,
      "range": [
        34,
        34
      ],
      "drawn": false
    }
  ],
  "replacement": false,
  "displayRoll": false,
  "_id": "GbLzut8NjlCutc1G",
  "description": "Roll magical stuff here",
  "formula": "1d34"
}