{
  "name": "Water-side Theme",
  "sort": 900000,
  "flags": {
    "exportSource": {
      "world": "olakino",
      "system": "dnd5e",
      "coreVersion": "0.6.1",
      "systemVersion": 0.92
    }
  },
  "results": [
    {
      "_id": "lZZM9Ti1CRzwR2rg",
      "flags": {},
      "type": 2,
      "text": "Spear",
      "img": "systems/dnd5e/icons/items/weapons/spear.jpg",
      "collection": "dnd5e.items",
      "resultId": "OG4nBBydvmfWYXIk",
      "weight": 1,
      "range": [
        1,
        1
      ],
      "drawn": false
    },
    {
      "_id": "YMNOOhTz5wihZmKS",
      "flags": {},
      "type": 2,
      "text": "Net",
      "img": "systems/dnd5e/icons/items/weapons/net.jpg",
      "collection": "dnd5e.items",
      "resultId": "aEiM49V8vWpWw7rU",
      "weight": 1,
      "range": [
        2,
        2
      ],
      "drawn": false
    },
    {
      "_id": "jNlpg6NucdgYrbpI",
      "flags": {},
      "type": 2,
      "text": "Fishing Tackle",
      "img": "systems/dnd5e/icons/skills/gray_10.jpg",
      "collection": "dnd5e.items",
      "resultId": "hOzuSDqmOIOx8z3Z",
      "weight": 1,
      "range": [
        3,
        3
      ],
      "drawn": false
    },
    {
      "_id": "xbW5qZjIKhMgaK08",
      "flags": {},
      "type": 2,
      "text": "Folding Boat",
      "img": "systems/dnd5e/icons/items/inventory/cage.jpg",
      "collection": "dnd5e.items",
      "resultId": "u4ewpAFZjLrWrmQv",
      "weight": 1,
      "range": [
        4,
        4
      ],
      "drawn": false
    }
  ],
  "replacement": false,
  "displayRoll": false,
  "_id": "JrJPG13SgjJXazCy",
  "description": "Can be applied to either a general store or an Adventuring Supplies shop",
  "formula": "1d4"
}