{
  "name": "Blacksmith/Armory",
  "sort": 100000,
  "flags": {
    "exportSource": {
      "world": "olakino",
      "system": "dnd5e",
      "coreVersion": "0.6.1",
      "systemVersion": 0.92
    }
  },
  "results": [
    {
      "_id": "ToL7pw2kyasQ04L0",
      "flags": {},
      "type": 2,
      "text": "Studded Leather Armor",
      "img": "systems/dnd5e/icons/items/armor/studded.png",
      "collection": "dnd5e.items",
      "resultId": "TIV3B1vbrVHIhQAm",
      "weight": 1,
      "range": [
        1,
        1
      ],
      "drawn": false
    },
    {
      "_id": "aTZUlavrFIMq2UC8",
      "flags": {},
      "type": 2,
      "text": "Chain Shirt",
      "img": "systems/dnd5e/icons/items/armor/scale.png",
      "collection": "dnd5e.items",
      "resultId": "p2zChy24ZJdVqMSH",
      "weight": 1,
      "range": [
        2,
        2
      ],
      "drawn": false
    },
    {
      "_id": "y3j0nlk0B7YAWk5v",
      "flags": {},
      "type": 2,
      "text": "Scale Mail",
      "img": "systems/dnd5e/icons/items/armor/scale.png",
      "collection": "dnd5e.items",
      "resultId": "XmnlF5fgIO3tg6TG",
      "weight": 1,
      "range": [
        3,
        3
      ],
      "drawn": false
    },
    {
      "_id": "8KXznHCZ3cKMHB10",
      "flags": {},
      "type": 2,
      "text": "Breastplate",
      "img": "systems/dnd5e/icons/items/armor/halfplate.png",
      "collection": "dnd5e.items",
      "resultId": "SK2HATQ4abKUlV8i",
      "weight": 1,
      "range": [
        4,
        4
      ],
      "drawn": false
    },
    {
      "_id": "jzMl4sorCJHP3KqO",
      "flags": {},
      "type": 2,
      "text": "Half Plate Armor",
      "img": "systems/dnd5e/icons/items/armor/halfplate.png",
      "collection": "dnd5e.items",
      "resultId": "vsgmACFYINloIdPm",
      "weight": 1,
      "range": [
        5,
        5
      ],
      "drawn": false
    },
    {
      "_id": "YTLpf4sASPR8j2OH",
      "flags": {},
      "type": 2,
      "text": "Ring Mail",
      "img": "systems/dnd5e/icons/items/armor/scale.png",
      "collection": "dnd5e.items",
      "resultId": "nsXZejlmgalj4he9",
      "weight": 1,
      "range": [
        6,
        6
      ],
      "drawn": false
    },
    {
      "_id": "n3mlnMhQqgGEcLhM",
      "flags": {},
      "type": 2,
      "text": "Chain Mail",
      "img": "systems/dnd5e/icons/items/armor/scale.png",
      "collection": "dnd5e.items",
      "resultId": "rLMflzmxpe8JGTOA",
      "weight": 1,
      "range": [
        7,
        7
      ],
      "drawn": false
    },
    {
      "_id": "Wz7N3S3Kmh2BwOqX",
      "flags": {},
      "type": 2,
      "text": "Splint Armor",
      "img": "systems/dnd5e/icons/items/armor/splint.png",
      "collection": "dnd5e.items",
      "resultId": "cKpJmsJmU8YaiuqG",
      "weight": 1,
      "range": [
        8,
        8
      ],
      "drawn": false
    },
    {
      "_id": "NEenqSXJRtlOYHM0",
      "flags": {},
      "type": 2,
      "text": "Plate Armor",
      "img": "systems/dnd5e/icons/items/armor/plate.png",
      "collection": "dnd5e.items",
      "resultId": "OjkIqlW2UpgFcjZa",
      "weight": 1,
      "range": [
        9,
        9
      ],
      "drawn": false
    },
    {
      "_id": "hzngnUikU8fUsyWq",
      "flags": {},
      "type": 2,
      "text": "Shield",
      "img": "systems/dnd5e/icons/items/armor/shield.png",
      "collection": "dnd5e.items",
      "resultId": "sSs3hSzkKBMNBgTs",
      "weight": 1,
      "range": [
        10,
        10
      ],
      "drawn": false
    },
    {
      "_id": "NgZakgHk19Sdmf3y",
      "flags": {},
      "type": 2,
      "text": "Dagger",
      "img": "systems/dnd5e/icons/items/weapons/dagger.jpg",
      "collection": "dnd5e.items",
      "resultId": "0E565kQUBmndJ1a2",
      "weight": 1,
      "range": [
        11,
        11
      ],
      "drawn": false
    },
    {
      "_id": "6nSsweDtzGePQUjS",
      "flags": {},
      "type": 2,
      "text": "Handaxe",
      "img": "systems/dnd5e/icons/items/weapons/handaxe.jpg",
      "collection": "dnd5e.items",
      "resultId": "eO7Fbv5WBk5zvGOc",
      "weight": 1,
      "range": [
        12,
        12
      ],
      "drawn": false
    },
    {
      "_id": "RwfdTdC3xRdWR0eF",
      "flags": {},
      "type": 2,
      "text": "Javelin",
      "img": "systems/dnd5e/icons/items/weapons/bolt.png",
      "collection": "dnd5e.items",
      "resultId": "DWLMnODrnHn8IbAG",
      "weight": 1,
      "range": [
        13,
        13
      ],
      "drawn": false
    },
    {
      "_id": "gOenFVwmnwuSK3jO",
      "flags": {},
      "type": 2,
      "text": "Light Hammer",
      "img": "systems/dnd5e/icons/items/weapons/hammer-light.jpg",
      "collection": "dnd5e.items",
      "resultId": "XVK6TOL4sGItssAE",
      "weight": 1,
      "range": [
        14,
        14
      ],
      "drawn": false
    },
    {
      "_id": "9W7t5bfThBrjdSF8",
      "flags": {},
      "type": 2,
      "text": "Mace",
      "img": "systems/dnd5e/icons/items/weapons/morningstar.jpg",
      "collection": "dnd5e.items",
      "resultId": "Ajyq6nGwF7FtLhDQ",
      "weight": 1,
      "range": [
        15,
        15
      ],
      "drawn": false
    },
    {
      "_id": "rI6I3VuJL9IjvnD7",
      "flags": {},
      "type": 2,
      "text": "Sickle",
      "img": "systems/dnd5e/icons/items/weapons/sickle.jpg",
      "collection": "dnd5e.items",
      "resultId": "i4NeNZ30ycwPDHMx",
      "weight": 1,
      "range": [
        16,
        16
      ],
      "drawn": false
    },
    {
      "_id": "Loujik0X7EvW2KDt",
      "flags": {},
      "type": 2,
      "text": "Spear",
      "img": "systems/dnd5e/icons/items/weapons/spear.jpg",
      "collection": "dnd5e.items",
      "resultId": "OG4nBBydvmfWYXIk",
      "weight": 1,
      "range": [
        17,
        17
      ],
      "drawn": false
    },
    {
      "_id": "DXlfCEWRIMuqtEvc",
      "flags": {},
      "type": 2,
      "text": "Battleaxe",
      "img": "systems/dnd5e/icons/items/weapons/battleaxe.png",
      "collection": "dnd5e.items",
      "resultId": "I0WocDSuNpGJayPb",
      "weight": 1,
      "range": [
        18,
        18
      ],
      "drawn": false
    },
    {
      "_id": "heK8h77Wk0sBnjDn",
      "flags": {},
      "type": 2,
      "text": "Flail",
      "img": "systems/dnd5e/icons/items/weapons/morningstar.jpg",
      "collection": "dnd5e.items",
      "resultId": "UrH3sMdnUDckIHJ6",
      "weight": 1,
      "range": [
        19,
        19
      ],
      "drawn": false
    },
    {
      "_id": "k0jJVMwKA1YCPmKp",
      "flags": {},
      "type": 2,
      "text": "Glaive",
      "img": "systems/dnd5e/icons/items/weapons/glaive.png",
      "collection": "dnd5e.items",
      "resultId": "rOG1OM2ihgPjOvFW",
      "weight": 1,
      "range": [
        20,
        20
      ],
      "drawn": false
    },
    {
      "_id": "1nhaDimiiMJ6lv7D",
      "flags": {},
      "type": 2,
      "text": "Greataxe",
      "img": "systems/dnd5e/icons/items/weapons/greataxe.jpg",
      "collection": "dnd5e.items",
      "resultId": "1Lxk6kmoRhG8qQ0u",
      "weight": 1,
      "range": [
        21,
        21
      ],
      "drawn": false
    },
    {
      "_id": "brImcSTzdUZAtzs0",
      "flags": {},
      "type": 2,
      "text": "Greatsword",
      "img": "systems/dnd5e/icons/items/weapons/sword-great.jpg",
      "collection": "dnd5e.items",
      "resultId": "xMkP8BmFzElcsMaR",
      "weight": 1,
      "range": [
        22,
        22
      ],
      "drawn": false
    },
    {
      "_id": "VFnEafI5NtaHlgOy",
      "flags": {},
      "type": 2,
      "text": "Halberd",
      "img": "systems/dnd5e/icons/items/weapons/glaive.png",
      "collection": "dnd5e.items",
      "resultId": "DMejWAc8r8YvDPP1",
      "weight": 1,
      "range": [
        23,
        23
      ],
      "drawn": false
    },
    {
      "_id": "cXs5nWBv1nWNGP6B",
      "flags": {},
      "type": 2,
      "text": "Lance",
      "img": "systems/dnd5e/icons/skills/arrow_02.jpg",
      "collection": "dnd5e.items",
      "resultId": "RnuxdHUAIgxccVwj",
      "weight": 1,
      "range": [
        24,
        24
      ],
      "drawn": false
    },
    {
      "_id": "jee7Dezy89qAGRY3",
      "flags": {},
      "type": 2,
      "text": "Longsword",
      "img": "systems/dnd5e/icons/items/weapons/sword-long.jpg",
      "collection": "dnd5e.items",
      "resultId": "10ZP2Bu3vnCuYMIB",
      "weight": 1,
      "range": [
        25,
        25
      ],
      "drawn": false
    },
    {
      "_id": "Xkcne2kPX53dJ2vh",
      "flags": {},
      "type": 2,
      "text": "Maul",
      "img": "systems/dnd5e/icons/items/weapons/maul.jpg",
      "collection": "dnd5e.items",
      "resultId": "DizirD7eqjh8n95A",
      "weight": 1,
      "range": [
        26,
        26
      ],
      "drawn": false
    },
    {
      "_id": "BoFa7K15DL1VJ8P5",
      "flags": {},
      "type": 2,
      "text": "Morningstar",
      "img": "systems/dnd5e/icons/items/weapons/morningstar.jpg",
      "collection": "dnd5e.items",
      "resultId": "dX8AxCh9o0A9CkT3",
      "weight": 1,
      "range": [
        27,
        27
      ],
      "drawn": false
    },
    {
      "_id": "ywcLhasGALeySHZF",
      "flags": {},
      "type": 2,
      "text": "Pike",
      "img": "systems/dnd5e/icons/items/weapons/pike.jpg",
      "collection": "dnd5e.items",
      "resultId": "tC0kcqZT9HHAO0PD",
      "weight": 1,
      "range": [
        28,
        28
      ],
      "drawn": false
    },
    {
      "_id": "WovnNBaH1ezR2fsd",
      "flags": {},
      "type": 2,
      "text": "Rapier",
      "img": "systems/dnd5e/icons/items/weapons/sword-short.jpg",
      "collection": "dnd5e.items",
      "resultId": "Tobce1hexTnDk4sV",
      "weight": 1,
      "range": [
        29,
        29
      ],
      "drawn": false
    },
    {
      "_id": "JK0Z4OisOZbTFrV1",
      "flags": {},
      "type": 2,
      "text": "Scimitar",
      "img": "systems/dnd5e/icons/items/weapons/sword-curved.jpg",
      "collection": "dnd5e.items",
      "resultId": "fbC0Mg1a73wdFbqO",
      "weight": 1,
      "range": [
        30,
        30
      ],
      "drawn": false
    },
    {
      "_id": "5GPTTl8ZaGLJr1Tl",
      "flags": {},
      "type": 2,
      "text": "Shortsword",
      "img": "systems/dnd5e/icons/items/weapons/sword-short.jpg",
      "collection": "dnd5e.items",
      "resultId": "osLzOwQdPtrK3rQH",
      "weight": 1,
      "range": [
        31,
        31
      ],
      "drawn": false
    },
    {
      "_id": "LItQchWmKcOqnT4y",
      "flags": {},
      "type": 2,
      "text": "Trident",
      "img": "systems/dnd5e/icons/skills/arrow_13.jpg",
      "collection": "dnd5e.items",
      "resultId": "F65ANO66ckP8FDMa",
      "weight": 1,
      "range": [
        32,
        32
      ],
      "drawn": false
    },
    {
      "_id": "5Tpqnk8AMxDc7zks",
      "flags": {},
      "type": 2,
      "text": "War Pick",
      "img": "systems/dnd5e/icons/items/weapons/pick.jpg",
      "collection": "dnd5e.items",
      "resultId": "2YdfjN1PIIrSHZii",
      "weight": 1,
      "range": [
        33,
        33
      ],
      "drawn": false
    },
    {
      "_id": "QuawoIZMIMEfVe8y",
      "flags": {},
      "type": 2,
      "text": "Warhammer",
      "img": "systems/dnd5e/icons/items/weapons/warhammer.png",
      "collection": "dnd5e.items",
      "resultId": "F0Df164Xv1gWcYt0",
      "weight": 1,
      "range": [
        34,
        34
      ],
      "drawn": false
    },
    {
      "_id": "EaK1AGTkOxYH2UOm",
      "flags": {},
      "type": 2,
      "text": "Ball Bearings",
      "img": "systems/dnd5e/icons/items/inventory/element-earth.jpg",
      "collection": "dnd5e.items",
      "resultId": "3YSUIp4eFo26YxJr",
      "weight": 1,
      "range": [
        35,
        35
      ],
      "drawn": false
    },
    {
      "_id": "hxovTqVU6CdCkEXE",
      "flags": {},
      "type": 2,
      "text": "Bell",
      "img": "systems/dnd5e/icons/items/inventory/bell_brass.jpg",
      "collection": "dnd5e.items",
      "resultId": "F6GwSqjErX1u35Re",
      "weight": 1,
      "range": [
        36,
        36
      ],
      "drawn": false
    },
    {
      "_id": "YjlCu3bhh2RtuMTd",
      "flags": {},
      "type": 2,
      "text": "Block and Tackle",
      "img": "systems/dnd5e/icons/items/inventory/tool-hook.jpg",
      "collection": "dnd5e.items",
      "resultId": "jlI44g90pp4VazBU",
      "weight": 1,
      "range": [
        37,
        37
      ],
      "drawn": false
    },
    {
      "_id": "D9pNcS3SKKdpc3qX",
      "flags": {},
      "type": 2,
      "text": "Chain (10 feet)",
      "img": "systems/dnd5e/icons/items/weapons/whip.png",
      "collection": "dnd5e.items",
      "resultId": "JvoufrTkSDMsS9Sm",
      "weight": 1,
      "range": [
        38,
        38
      ],
      "drawn": false
    },
    {
      "_id": "kH3ZzvJZlhsRok2o",
      "flags": {},
      "type": 2,
      "text": "Crowbar",
      "img": "systems/dnd5e/icons/items/weapons/pick.jpg",
      "collection": "dnd5e.items",
      "resultId": "V5UAjT3ed6sDNtgm",
      "weight": 1,
      "range": [
        39,
        39
      ],
      "drawn": false
    },
    {
      "_id": "WZagg8LJnUlXvXka",
      "flags": {},
      "type": 2,
      "text": "Grappling Hook",
      "img": "systems/dnd5e/icons/items/inventory/tool-hook.jpg",
      "collection": "dnd5e.items",
      "resultId": "tfDxZIKDpOkz6pbx",
      "weight": 1,
      "range": [
        40,
        40
      ],
      "drawn": false
    },
    {
      "_id": "roj2yi4F8ZXKl711",
      "flags": {},
      "type": 2,
      "text": "Hammer",
      "img": "systems/dnd5e/icons/items/inventory/hammer.jpg",
      "collection": "dnd5e.items",
      "resultId": "14pNRT4sZy9rgvhb",
      "weight": 1,
      "range": [
        41,
        41
      ],
      "drawn": false
    },
    {
      "_id": "giyhw3nFMEDhqpZQ",
      "flags": {},
      "type": 2,
      "text": "Sledgehammer",
      "img": "systems/dnd5e/icons/items/inventory/hammer.jpg",
      "collection": "dnd5e.items",
      "resultId": "9G9QGSPgpZDSsm37",
      "weight": 1,
      "range": [
        42,
        42
      ],
      "drawn": false
    },
    {
      "_id": "LHPNoxYpiEdYb98I",
      "flags": {},
      "type": 2,
      "text": "Hunting Trap",
      "img": "systems/dnd5e/icons/skills/green_14.jpg",
      "collection": "dnd5e.items",
      "resultId": "LiOD83I4MIZlpoQQ",
      "weight": 1,
      "range": [
        43,
        43
      ],
      "drawn": false
    },
    {
      "_id": "OCqyKZNo8XSV7Izd",
      "flags": {},
      "type": 2,
      "text": "Lamp",
      "img": "systems/dnd5e/icons/items/inventory/lamp.jpg",
      "collection": "dnd5e.items",
      "resultId": "qMzHmlmha8qMDnEF",
      "weight": 1,
      "range": [
        44,
        44
      ],
      "drawn": false
    },
    {
      "_id": "wp7ipMK5nnWtalxw",
      "flags": {},
      "type": 2,
      "text": "Bullseye Lantern",
      "img": "systems/dnd5e/icons/items/inventory/lantern.jpg",
      "collection": "dnd5e.items",
      "resultId": "UkWdyJYQTfVX2cJW",
      "weight": 1,
      "range": [
        45,
        45
      ],
      "drawn": false
    },
    {
      "_id": "KgXEwGP7eYg1ImSV",
      "flags": {},
      "type": 2,
      "text": "Hooded Lantern",
      "img": "systems/dnd5e/icons/items/inventory/lantern.jpg",
      "collection": "dnd5e.items",
      "resultId": "trmWAdUoR6Y2B7rA",
      "weight": 1,
      "range": [
        46,
        46
      ],
      "drawn": false
    },
    {
      "_id": "si4S4sGAUnu90Pqf",
      "flags": {},
      "type": 2,
      "text": "Lock",
      "img": "systems/dnd5e/icons/items/inventory/lock.jpg",
      "collection": "dnd5e.items",
      "resultId": "xwUWrV15s9jLnmfZ",
      "weight": 1,
      "range": [
        47,
        47
      ],
      "drawn": false
    },
    {
      "_id": "YXHKCjzA7wRvjpVX",
      "flags": {},
      "type": 2,
      "text": "Manacles",
      "img": "systems/dnd5e/icons/items/weapons/whip.png",
      "collection": "dnd5e.items",
      "resultId": "tWJLHIL6ZIZUez9k",
      "weight": 1,
      "range": [
        48,
        48
      ],
      "drawn": false
    },
    {
      "_id": "so8ceqiYZYGhnEFx",
      "flags": {},
      "type": 2,
      "text": "Steel Mirror",
      "img": "systems/dnd5e/icons/items/inventory/badge-coin.jpg",
      "collection": "dnd5e.items",
      "resultId": "HZsvDPmvysQKGzGy",
      "weight": 1,
      "range": [
        49,
        49
      ],
      "drawn": false
    },
    {
      "_id": "lfTyAcjrmMIfCWvK",
      "flags": {},
      "type": 2,
      "text": "Miner's Pick",
      "img": "systems/dnd5e/icons/items/inventory/pickaxe.jpg",
      "collection": "dnd5e.items",
      "resultId": "X5knPtrQAT8GePJ4",
      "weight": 1,
      "range": [
        50,
        50
      ],
      "drawn": false
    },
    {
      "_id": "wQSorRlv77DgYgAn",
      "flags": {},
      "type": 2,
      "text": "Piton",
      "img": "systems/dnd5e/icons/items/inventory/stake.jpg",
      "collection": "dnd5e.items",
      "resultId": "TqyvIglHDj5kfohR",
      "weight": 1,
      "range": [
        51,
        51
      ],
      "drawn": false
    },
    {
      "_id": "Ht7Q5iVdD6asTlym",
      "flags": {},
      "type": 2,
      "text": "Iron Pot",
      "img": "systems/dnd5e/icons/items/inventory/cauldron.jpg",
      "collection": "dnd5e.items",
      "resultId": "M8xM8BLK4tpUayEE",
      "weight": 1,
      "range": [
        52,
        52
      ],
      "drawn": false
    },
    {
      "_id": "RVB1xM1a31s7n50g",
      "flags": {},
      "type": 2,
      "text": "Iron Spike",
      "img": "systems/dnd5e/icons/items/inventory/stake.jpg",
      "collection": "dnd5e.items",
      "resultId": "RiOeHR2qaYktz5Ys",
      "weight": 1,
      "range": [
        53,
        53
      ],
      "drawn": false
    },
    {
      "_id": "ZjKDPJ1PCbjKNR58",
      "flags": {},
      "type": 2,
      "text": "Whetstone",
      "img": "systems/dnd5e/icons/items/inventory/whetstone.jpg",
      "collection": "dnd5e.items",
      "resultId": "SuQmsJfxyJl2hPcM",
      "weight": 1,
      "range": [
        54,
        54
      ],
      "drawn": false
    },
    {
      "_id": "unL4AFzR3VTAYXNa",
      "flags": {},
      "type": 2,
      "text": "Carpenter's Tools",
      "img": "systems/dnd5e/icons/items/weapons/axe-wood.jpg",
      "collection": "dnd5e.items",
      "resultId": "8NS6MSOdXtUqD7Ib",
      "weight": 1,
      "range": [
        55,
        55
      ],
      "drawn": false
    },
    {
      "_id": "d0xuVehjGFA8howg",
      "flags": {},
      "type": 2,
      "text": "Mason's Tools",
      "img": "systems/dnd5e/icons/items/inventory/hammer.jpg",
      "collection": "dnd5e.items",
      "resultId": "skUih6tBvcBbORzA",
      "weight": 1,
      "range": [
        56,
        56
      ],
      "drawn": false
    },
    {
      "_id": "Dz8kO3SV8V3Vmk1Y",
      "flags": {},
      "type": 2,
      "text": "Smith's Tools",
      "img": "systems/dnd5e/icons/items/inventory/hammer.jpg",
      "collection": "dnd5e.items",
      "resultId": "KndVe2insuctjIaj",
      "weight": 1,
      "range": [
        57,
        57
      ],
      "drawn": false
    },
    {
      "_id": "x4nYARd9XrBnatoF",
      "flags": {},
      "type": 2,
      "text": "Tinker's Tools",
      "img": "systems/dnd5e/icons/skills/mech_7.jpg",
      "collection": "dnd5e.items",
      "resultId": "0d08g1i5WXnNrCNA",
      "weight": 1,
      "range": [
        58,
        58
      ],
      "drawn": false
    },
    {
      "_id": "YVPrjd0YvUgMyC8v",
      "flags": {},
      "type": 2,
      "text": "Musical Instrument: Horn",
      "img": "systems/dnd5e/icons/items/inventory/horn.jpg",
      "collection": "dnd5e.items",
      "resultId": "aa9KuBy4dst7WIW9",
      "weight": 1,
      "range": [
        59,
        59
      ],
      "drawn": false
    }
  ],
  "replacement": false,
  "displayRoll": false,
  "_id": "PuLVHDdv2xafzvqg",
  "description": "Things that a blacksmith or armory can have",
  "formula": "1d59"
}